{
  "resources": [
    "src/assets/sounds/effects.ogg"
  ],
  "spritemap": {
    "button_click": {
      "start": 0,
      "end": 0.2089795918367347,
      "loop": false
    },
    "congratulation": {
      "start": 2,
      "end": 4.718004535147392,
      "loop": false
    },
    "daily_reward": {
      "start": 6,
      "end": 6.914285714285715,
      "loop": false
    },
    "diamonds_drop": {
      "start": 8,
      "end": 9.462857142857143,
      "loop": false
    },
    "diamonds_eat": {
      "start": 11,
      "end": 12.488979591836735,
      "loop": false
    },
    "fireworks_big": {
      "start": 14,
      "end": 17.215986394557824,
      "loop": false
    },
    "fireworks_small": {
      "start": 19,
      "end": 19.69331065759637,
      "loop": false
    },
    "fireworks_soar": {
      "start": 21,
      "end": 22.03201814058957,
      "loop": false
    },
    "game_over_scene": {
      "start": 24,
      "end": 27.99673469387755,
      "loop": false
    },
    "gem_drop": {
      "start": 29,
      "end": 30.28,
      "loop": false
    },
    "gem_explosive_1": {
      "start": 32,
      "end": 33.02603174603175,
      "loop": false
    },
    "gem_explosive_2": {
      "start": 35,
      "end": 35.97959183673469,
      "loop": false
    },
    "gem_explosive_3": {
      "start": 37,
      "end": 38.00861678004535,
      "loop": false
    },
    "gem_explosive_4": {
      "start": 40,
      "end": 41.00861678004535,
      "loop": false
    },
    "gem_explosive_5": {
      "start": 43,
      "end": 44.005714285714284,
      "loop": false
    },
    "gem_explosive_6": {
      "start": 46,
      "end": 47.017324263038546,
      "loop": false
    },
    "gem_explosive_freeze": {
      "start": 49,
      "end": 49.78367346938776,
      "loop": false
    },
    "gem_falling": {
      "start": 51,
      "end": 51.35888888888889,
      "loop": false
    },
    "gift_charge": {
      "start": 53,
      "end": 54.69795918367347,
      "loop": false
    },
    "gift_explode": {
      "start": 56,
      "end": 58.84734693877551,
      "loop": false
    },
    "gift_reveal": {
      "start": 60,
      "end": 61.12326530612245,
      "loop": false
    },
    "item_active_ambience": {
      "start": 63,
      "end": 66.2853514739229,
      "loop": false
    },
    "mission_completed": {
      "start": 68,
      "end": 68.81598639455783,
      "loop": false
    },
    "mission_reward": {
      "start": 70,
      "end": 72.08979591836734,
      "loop": false
    },
    "move_wrong": {
      "start": 74,
      "end": 74.44408163265307,
      "loop": false
    },
    "popup_off": {
      "start": 76,
      "end": 76.91428571428571,
      "loop": false
    },
    "popup_show": {
      "start": 78,
      "end": 78.3395918367347,
      "loop": false
    },
    "score_counter": {
      "start": 80,
      "end": 83.03020408163265,
      "loop": false
    },
    "start_game": {
      "start": 85,
      "end": 88.12308390022676,
      "loop": false
    },
    "start_level": {
      "start": 90,
      "end": 93.67201814058957,
      "loop": false
    },
    "use_hammer": {
      "start": 95,
      "end": 97.94893424036282,
      "loop": false
    },
    "use_paint": {
      "start": 99,
      "end": 100.57895691609977,
      "loop": false
    },
    "use_shuffle": {
      "start": 102,
      "end": 102.3395918367347,
      "loop": false
    },
    "you_lose": {
      "start": 104,
      "end": 106.11591836734694,
      "loop": false
    },
    "you_win": {
      "start": 108,
      "end": 113.25061224489797,
      "loop": false
    }
  }
}